n_estimators,max_depth,accuracy,f1
50,10.0,0.745,0.7612359550561798
50,20.0,0.7405,0.7496382054992764
50,30.0,0.747,0.7502467917077986
50,,0.745,0.7480237154150198
100,10.0,0.7455,0.7586533902323376
100,20.0,0.7535,0.7637757546717777
100,30.0,0.7495,0.7552515876893015
100,,0.7505,0.7559902200488997
150,10.0,0.7435,0.7567567567567568
150,20.0,0.745,0.7555129434324065
150,30.0,0.7445,0.7510959571358987
150,,0.743,0.7497565725413826
200,10.0,0.742,0.7563739376770539
200,20.0,0.7445,0.7558528428093646
200,30.0,0.751,0.7577821011673151
200,,0.75,0.7560975609756098
