alpha,hidden_layer_sizes,activation,accuracy,f1
0.01,"(128,)",relu,0.747,0.7407786885245902
0.01,"(128,)",tanh,0.747,0.7407786885245902
0.01,"(128,)",logistic,0.747,0.7407786885245902
0.01,"(256,)",relu,0.7485,0.7465994962216624
0.01,"(256,)",tanh,0.7485,0.7465994962216624
0.01,"(256,)",logistic,0.7485,0.7465994962216624
0.01,"(256, 128)",relu,0.7355,0.7369467926404774
0.01,"(256, 128)",tanh,0.7355,0.7369467926404774
0.01,"(256, 128)",logistic,0.7355,0.7369467926404774
0.01,"(128, 128)",relu,0.7505,0.7473417721518988
0.01,"(128, 128)",tanh,0.7505,0.7473417721518988
0.01,"(128, 128)",logistic,0.7505,0.7473417721518988
0.1,"(128,)",relu,0.7745,0.776843146956952
0.1,"(128,)",tanh,0.7745,0.776843146956952
0.1,"(128,)",logistic,0.7745,0.776843146956952
0.1,"(256,)",relu,0.752,0.7424714434060229
0.1,"(256,)",tanh,0.752,0.7424714434060229
0.1,"(256,)",logistic,0.752,0.7424714434060229
0.1,"(256, 128)",relu,0.7215,0.7273617229564366
0.1,"(256, 128)",tanh,0.7215,0.7273617229564366
0.1,"(256, 128)",logistic,0.7215,0.7273617229564366
0.1,"(128, 128)",relu,0.73,0.7145877378435518
0.1,"(128, 128)",tanh,0.73,0.7145877378435518
0.1,"(128, 128)",logistic,0.73,0.7145877378435518
1.0,"(128,)",relu,0.768,0.7782026768642447
1.0,"(128,)",tanh,0.768,0.7782026768642447
1.0,"(128,)",logistic,0.768,0.7782026768642447
1.0,"(256,)",relu,0.761,0.7585858585858586
1.0,"(256,)",tanh,0.761,0.7585858585858586
1.0,"(256,)",logistic,0.761,0.7585858585858586
1.0,"(256, 128)",relu,0.7755,0.7844455112818051
1.0,"(256, 128)",tanh,0.7755,0.7844455112818051
1.0,"(256, 128)",logistic,0.7755,0.7844455112818051
1.0,"(128, 128)",relu,0.7705,0.7654573326520184
1.0,"(128, 128)",tanh,0.7705,0.7654573326520184
1.0,"(128, 128)",logistic,0.7705,0.7654573326520184
