model,embedding,alpha,accuracy,f1,hidden_layer_sizes,activation,C,loss,n_estimators,max_depth
logreg,word2vec,0.1,0.7675,0.7694595934556272,,,,,,
logreg,word2vec,1.0,0.76,0.7614314115308151,,,,,,
logreg,word2vec,5.0,0.763,0.7651139742319127,,,,,,
logreg,word2vec,10.0,0.761,0.7624254473161034,,,,,,
mlp,word2vec,0.01,0.747,0.7407786885245902,"(128,)",relu,,,,
mlp,word2vec,0.01,0.747,0.7407786885245902,"(128,)",tanh,,,,
mlp,word2vec,0.01,0.747,0.7407786885245902,"(128,)",logistic,,,,
mlp,word2vec,0.01,0.7485,0.7465994962216624,"(256,)",relu,,,,
mlp,word2vec,0.01,0.7485,0.7465994962216624,"(256,)",tanh,,,,
mlp,word2vec,0.01,0.7485,0.7465994962216624,"(256,)",logistic,,,,
mlp,word2vec,0.01,0.7355,0.7369467926404774,"(256, 128)",relu,,,,
mlp,word2vec,0.01,0.7355,0.7369467926404774,"(256, 128)",tanh,,,,
mlp,word2vec,0.01,0.7355,0.7369467926404774,"(256, 128)",logistic,,,,
mlp,word2vec,0.01,0.7505,0.7473417721518988,"(128, 128)",relu,,,,
mlp,word2vec,0.01,0.7505,0.7473417721518988,"(128, 128)",tanh,,,,
mlp,word2vec,0.01,0.7505,0.7473417721518988,"(128, 128)",logistic,,,,
mlp,word2vec,0.1,0.7745,0.776843146956952,"(128,)",relu,,,,
mlp,word2vec,0.1,0.7745,0.776843146956952,"(128,)",tanh,,,,
mlp,word2vec,0.1,0.7745,0.776843146956952,"(128,)",logistic,,,,
mlp,word2vec,0.1,0.752,0.7424714434060229,"(256,)",relu,,,,
mlp,word2vec,0.1,0.752,0.7424714434060229,"(256,)",tanh,,,,
mlp,word2vec,0.1,0.752,0.7424714434060229,"(256,)",logistic,,,,
mlp,word2vec,0.1,0.7215,0.7273617229564366,"(256, 128)",relu,,,,
mlp,word2vec,0.1,0.7215,0.7273617229564366,"(256, 128)",tanh,,,,
mlp,word2vec,0.1,0.7215,0.7273617229564366,"(256, 128)",logistic,,,,
mlp,word2vec,0.1,0.73,0.7145877378435518,"(128, 128)",relu,,,,
mlp,word2vec,0.1,0.73,0.7145877378435518,"(128, 128)",tanh,,,,
mlp,word2vec,0.1,0.73,0.7145877378435518,"(128, 128)",logistic,,,,
mlp,word2vec,1.0,0.768,0.7782026768642447,"(128,)",relu,,,,
mlp,word2vec,1.0,0.768,0.7782026768642447,"(128,)",tanh,,,,
mlp,word2vec,1.0,0.768,0.7782026768642447,"(128,)",logistic,,,,
mlp,word2vec,1.0,0.761,0.7585858585858586,"(256,)",relu,,,,
mlp,word2vec,1.0,0.761,0.7585858585858586,"(256,)",tanh,,,,
mlp,word2vec,1.0,0.761,0.7585858585858586,"(256,)",logistic,,,,
mlp,word2vec,1.0,0.7755,0.7844455112818051,"(256, 128)",relu,,,,
mlp,word2vec,1.0,0.7755,0.7844455112818051,"(256, 128)",tanh,,,,
mlp,word2vec,1.0,0.7755,0.7844455112818051,"(256, 128)",logistic,,,,
mlp,word2vec,1.0,0.7705,0.7654573326520184,"(128, 128)",relu,,,,
mlp,word2vec,1.0,0.7705,0.7654573326520184,"(128, 128)",tanh,,,,
mlp,word2vec,1.0,0.7705,0.7654573326520184,"(128, 128)",logistic,,,,
svm,word2vec,,0.7525,0.7555555555555555,,,0.01,hinge,,
svm,word2vec,,0.7575,0.7588264545002487,,,0.01,squared_hinge,,
svm,word2vec,,0.7615,0.7644444444444445,,,0.1,hinge,,
svm,word2vec,,0.76,0.7626112759643917,,,0.1,squared_hinge,,
svm,word2vec,,0.765,0.7680157946692991,,,1.0,hinge,,
svm,word2vec,,0.769,0.7717391304347826,,,1.0,squared_hinge,,
svm,word2vec,,0.7655,0.7603474706182933,,,10.0,hinge,,
svm,word2vec,,0.782,0.7854330708661418,,,10.0,squared_hinge,,
random_forest,word2vec,,0.745,0.7612359550561798,,,,,50.0,10.0
random_forest,word2vec,,0.7405,0.7496382054992764,,,,,50.0,20.0
random_forest,word2vec,,0.747,0.7502467917077986,,,,,50.0,30.0
random_forest,word2vec,,0.745,0.7480237154150198,,,,,50.0,
random_forest,word2vec,,0.7455,0.7586533902323376,,,,,100.0,10.0
random_forest,word2vec,,0.7535,0.7637757546717777,,,,,100.0,20.0
random_forest,word2vec,,0.7495,0.7552515876893015,,,,,100.0,30.0
random_forest,word2vec,,0.7505,0.7559902200488997,,,,,100.0,
random_forest,word2vec,,0.7435,0.7567567567567568,,,,,150.0,10.0
random_forest,word2vec,,0.745,0.7555129434324065,,,,,150.0,20.0
random_forest,word2vec,,0.7445,0.7510959571358987,,,,,150.0,30.0
random_forest,word2vec,,0.743,0.7497565725413826,,,,,150.0,
random_forest,word2vec,,0.742,0.7563739376770539,,,,,200.0,10.0
random_forest,word2vec,,0.7445,0.7558528428093646,,,,,200.0,20.0
random_forest,word2vec,,0.751,0.7577821011673151,,,,,200.0,30.0
random_forest,word2vec,,0.75,0.7560975609756098,,,,,200.0,
logreg,fasttext,0.1,0.716,0.7182539682539683,,,,,,
logreg,fasttext,1.0,0.705,0.7119140625,,,,,,
logreg,fasttext,5.0,0.691,0.7,,,,,,
logreg,fasttext,10.0,0.6825,0.6894865525672371,,,,,,
mlp,fasttext,0.01,0.718,0.75,"(128,)",relu,,,,
mlp,fasttext,0.01,0.7235,0.7433874709976798,"(128,)",tanh,,,,
mlp,fasttext,0.01,0.716,0.7452914798206278,"(128,)",logistic,,,,
mlp,fasttext,0.01,0.7155,0.7252535007242877,"(256,)",relu,,,,
mlp,fasttext,0.01,0.71,0.7426796805678794,"(256,)",tanh,,,,
mlp,fasttext,0.01,0.7105,0.7236276849642005,"(256,)",logistic,,,,
mlp,fasttext,0.01,0.7035,0.7039440838741887,"(256, 128)",relu,,,,
mlp,fasttext,0.01,0.7145,0.7261390887290168,"(256, 128)",tanh,,,,
mlp,fasttext,0.01,0.6875,0.6645195920558239,"(256, 128)",logistic,,,,
mlp,fasttext,0.01,0.7125,0.7276172430127902,"(128, 128)",relu,,,,
mlp,fasttext,0.01,0.714,0.709349593495935,"(128, 128)",tanh,,,,
mlp,fasttext,0.01,0.71,0.7184466019417476,"(128, 128)",logistic,,,,
mlp,fasttext,0.1,0.721,0.7481949458483754,"(128,)",relu,,,,
mlp,fasttext,0.1,0.7165,0.7393103448275862,"(128,)",tanh,,,,
mlp,fasttext,0.1,0.7155,0.7440395861448493,"(128,)",logistic,,,,
mlp,fasttext,0.1,0.7065,0.7385300668151448,"(256,)",relu,,,,
mlp,fasttext,0.1,0.713,0.7480245829675154,"(256,)",tanh,,,,
mlp,fasttext,0.1,0.7115,0.7472623740692071,"(256,)",logistic,,,,
mlp,fasttext,0.1,0.7105,0.7267579046720151,"(256, 128)",relu,,,,
mlp,fasttext,0.1,0.715,0.7326454033771107,"(256, 128)",tanh,,,,
mlp,fasttext,0.1,0.7195,0.7362482369534555,"(256, 128)",logistic,,,,
mlp,fasttext,0.1,0.701,0.701,"(128, 128)",relu,,,,
mlp,fasttext,0.1,0.7155,0.7364520611394164,"(128, 128)",tanh,,,,
mlp,fasttext,0.1,0.7185,0.7451335445903123,"(128, 128)",logistic,,,,
mlp,fasttext,1.0,0.6985,0.7013372956909361,"(128,)",relu,,,,
mlp,fasttext,1.0,0.7005,0.7238358690640848,"(128,)",tanh,,,,
mlp,fasttext,1.0,0.6985,0.6989515726410385,"(128,)",logistic,,,,
mlp,fasttext,1.0,0.7095,0.7353075170842824,"(256,)",relu,,,,
mlp,fasttext,1.0,0.7075,0.7339699863574352,"(256,)",tanh,,,,
mlp,fasttext,1.0,0.7075,0.7361299052774019,"(256,)",logistic,,,,
mlp,fasttext,1.0,0.703,0.7390158172231986,"(256, 128)",relu,,,,
mlp,fasttext,1.0,0.7025,0.7081902893575281,"(256, 128)",tanh,,,,
mlp,fasttext,1.0,0.689,0.6839430894308943,"(256, 128)",logistic,,,,
mlp,fasttext,1.0,0.705,0.7296058661778185,"(128, 128)",relu,,,,
mlp,fasttext,1.0,0.691,0.6817713697219362,"(128, 128)",tanh,,,,
mlp,fasttext,1.0,0.687,0.667375132837407,"(128, 128)",logistic,,,,
svm,fasttext,,0.6935,0.7134174848059841,,,0.01,hinge,,
svm,fasttext,,0.6795,0.6865525672371638,,,0.01,squared_hinge,,
svm,fasttext,,0.7005,0.7178520960904381,,,0.1,hinge,,
svm,fasttext,,0.7045,0.71071953010279,,,0.1,squared_hinge,,
svm,fasttext,,0.7195,0.731193100143747,,,1.0,hinge,,
svm,fasttext,,0.7205,0.724766125061546,,,1.0,squared_hinge,,
svm,fasttext,,0.728,0.7271815446339017,,,10.0,hinge,,
svm,fasttext,,0.74,0.7425742574257426,,,10.0,squared_hinge,,
random_forest,fasttext,,0.708,0.7383512544802867,,,,,50.0,10.0
random_forest,fasttext,,0.7055,0.72334429309535,,,,,50.0,20.0
random_forest,fasttext,,0.6935,0.7101654846335698,,,,,50.0,30.0
random_forest,fasttext,,0.691,0.7076631977294229,,,,,50.0,
random_forest,fasttext,,0.709,0.7361740707162284,,,,,100.0,10.0
random_forest,fasttext,,0.707,0.7292051756007394,,,,,100.0,20.0
random_forest,fasttext,,0.7105,0.7272727272727273,,,,,100.0,30.0
random_forest,fasttext,,0.707,0.7256554307116105,,,,,100.0,
random_forest,fasttext,,0.701,0.7299006323396567,,,,,150.0,10.0
random_forest,fasttext,,0.7035,0.7266021207929921,,,,,150.0,20.0
random_forest,fasttext,,0.7035,0.7201510146295422,,,,,150.0,30.0
random_forest,fasttext,,0.7005,0.7183826986365773,,,,,150.0,
random_forest,fasttext,,0.718,0.7457168620378719,,,,,200.0,10.0
random_forest,fasttext,,0.7075,0.7297921478060047,,,,,200.0,20.0
random_forest,fasttext,,0.7105,0.7295656235404017,,,,,200.0,30.0
random_forest,fasttext,,0.7145,0.7337995337995338,,,,,200.0,
logreg,glove,0.1,0.584,0.597678916827853,,,,,,
logreg,glove,1.0,0.585,0.5986460348162476,,,,,,
logreg,glove,5.0,0.584,0.597678916827853,,,,,,
logreg,glove,10.0,0.5855,0.5989356555394292,,,,,,
mlp,glove,0.01,0.596,0.6366906474820144,"(128,)",relu,,,,
mlp,glove,0.01,0.596,0.6366906474820144,"(128,)",tanh,,,,
mlp,glove,0.01,0.596,0.6366906474820144,"(128,)",logistic,,,,
mlp,glove,0.01,0.593,0.6203358208955224,"(256,)",relu,,,,
mlp,glove,0.01,0.593,0.6203358208955224,"(256,)",tanh,,,,
mlp,glove,0.01,0.593,0.6203358208955224,"(256,)",logistic,,,,
mlp,glove,0.01,0.5705,0.5749628896585849,"(256, 128)",relu,,,,
mlp,glove,0.01,0.5705,0.5749628896585849,"(256, 128)",tanh,,,,
mlp,glove,0.01,0.5705,0.5749628896585849,"(256, 128)",logistic,,,,
mlp,glove,0.01,0.574,0.5864077669902913,"(128, 128)",relu,,,,
mlp,glove,0.01,0.574,0.5864077669902913,"(128, 128)",tanh,,,,
mlp,glove,0.01,0.574,0.5864077669902913,"(128, 128)",logistic,,,,
mlp,glove,0.1,0.5975,0.6385271665918276,"(128,)",relu,,,,
mlp,glove,0.1,0.5975,0.6385271665918276,"(128,)",tanh,,,,
mlp,glove,0.1,0.5975,0.6385271665918276,"(128,)",logistic,,,,
mlp,glove,0.1,0.596,0.6535162950257289,"(256,)",relu,,,,
mlp,glove,0.1,0.596,0.6535162950257289,"(256,)",tanh,,,,
mlp,glove,0.1,0.596,0.6535162950257289,"(256,)",logistic,,,,
mlp,glove,0.1,0.609,0.6677994902293968,"(256, 128)",relu,,,,
mlp,glove,0.1,0.609,0.6677994902293968,"(256, 128)",tanh,,,,
mlp,glove,0.1,0.609,0.6677994902293968,"(256, 128)",logistic,,,,
mlp,glove,0.1,0.5985,0.6445329791943337,"(128, 128)",relu,,,,
mlp,glove,0.1,0.5985,0.6445329791943337,"(128, 128)",tanh,,,,
mlp,glove,0.1,0.5985,0.6445329791943337,"(128, 128)",logistic,,,,
mlp,glove,1.0,0.59,0.6255707762557078,"(128,)",relu,,,,
mlp,glove,1.0,0.59,0.6255707762557078,"(128,)",tanh,,,,
mlp,glove,1.0,0.59,0.6255707762557078,"(128,)",logistic,,,,
mlp,glove,1.0,0.589,0.6487179487179487,"(256,)",relu,,,,
mlp,glove,1.0,0.589,0.6487179487179487,"(256,)",tanh,,,,
mlp,glove,1.0,0.589,0.6487179487179487,"(256,)",logistic,,,,
mlp,glove,1.0,0.589,0.6450777202072538,"(256, 128)",relu,,,,
mlp,glove,1.0,0.589,0.6450777202072538,"(256, 128)",tanh,,,,
mlp,glove,1.0,0.589,0.6450777202072538,"(256, 128)",logistic,,,,
mlp,glove,1.0,0.596,0.6683087027914614,"(128, 128)",relu,,,,
mlp,glove,1.0,0.596,0.6683087027914614,"(128, 128)",tanh,,,,
mlp,glove,1.0,0.596,0.6683087027914614,"(128, 128)",logistic,,,,
svm,glove,,0.597,0.6543739279588336,,,0.01,hinge,,
svm,glove,,0.582,0.5980769230769231,,,0.01,squared_hinge,,
svm,glove,,0.592,0.6395759717314488,,,0.1,hinge,,
svm,glove,,0.584,0.5980676328502416,,,0.1,squared_hinge,,
svm,glove,,0.5915,0.6383355467020806,,,1.0,hinge,,
svm,glove,,0.583,0.5974903474903475,,,1.0,squared_hinge,,
svm,glove,,0.591,0.6380530973451327,,,10.0,hinge,,
svm,glove,,0.583,0.5974903474903475,,,10.0,squared_hinge,,
random_forest,glove,,0.6025,0.6446133214126062,,,,,50.0,10.0
random_forest,glove,,0.6045,0.6288127639605818,,,,,50.0,20.0
random_forest,glove,,0.599,0.6068627450980392,,,,,50.0,30.0
random_forest,glove,,0.5985,0.59505799293999,,,,,50.0,
random_forest,glove,,0.6055,0.6434704021690013,,,,,100.0,10.0
random_forest,glove,,0.6045,0.6291608063759963,,,,,100.0,20.0
random_forest,glove,,0.605,0.6198267564966313,,,,,100.0,30.0
random_forest,glove,,0.5945,0.6084017382906808,,,,,100.0,
random_forest,glove,,0.6105,0.6526972804279982,,,,,150.0,10.0
random_forest,glove,,0.612,0.6404077849860983,,,,,150.0,20.0
random_forest,glove,,0.612,0.6322274881516587,,,,,150.0,30.0
random_forest,glove,,0.6125,0.6282973621103117,,,,,150.0,
random_forest,glove,,0.6095,0.6518056174765938,,,,,200.0,10.0
random_forest,glove,,0.613,0.643646408839779,,,,,200.0,20.0
random_forest,glove,,0.619,0.6409048067860509,,,,,200.0,30.0
random_forest,glove,,0.6225,0.6392737697085523,,,,,200.0,
logreg,tfidf,0.1,0.789,0.789,,,,,,
logreg,tfidf,1.0,0.785,0.7867063492063492,,,,,,
logreg,tfidf,5.0,0.75,0.7524752475247525,,,,,,
logreg,tfidf,10.0,0.7335,0.7360079247152056,,,,,,
mlp,tfidf,0.01,0.766,0.7609805924412666,"(128,)",relu,,,,
mlp,tfidf,0.01,0.766,0.7609805924412666,"(128,)",tanh,,,,
mlp,tfidf,0.01,0.766,0.7609805924412666,"(128,)",logistic,,,,
mlp,tfidf,0.01,0.767,0.7612704918032787,"(256,)",relu,,,,
mlp,tfidf,0.01,0.767,0.7612704918032787,"(256,)",tanh,,,,
mlp,tfidf,0.01,0.767,0.7612704918032787,"(256,)",logistic,,,,
mlp,tfidf,0.01,0.774,0.7700915564598169,"(256, 128)",relu,,,,
mlp,tfidf,0.01,0.774,0.7700915564598169,"(256, 128)",tanh,,,,
mlp,tfidf,0.01,0.774,0.7700915564598169,"(256, 128)",logistic,,,,
mlp,tfidf,0.01,0.7605,0.7596588058203713,"(128, 128)",relu,,,,
mlp,tfidf,0.01,0.7605,0.7596588058203713,"(128, 128)",tanh,,,,
mlp,tfidf,0.01,0.7605,0.7596588058203713,"(128, 128)",logistic,,,,
mlp,tfidf,0.1,0.7915,0.7890743550834598,"(128,)",relu,,,,
mlp,tfidf,0.1,0.7915,0.7890743550834598,"(128,)",tanh,,,,
mlp,tfidf,0.1,0.7915,0.7890743550834598,"(128,)",logistic,,,,
mlp,tfidf,0.1,0.7855,0.779887121600821,"(256,)",relu,,,,
mlp,tfidf,0.1,0.7855,0.779887121600821,"(256,)",tanh,,,,
mlp,tfidf,0.1,0.7855,0.779887121600821,"(256,)",logistic,,,,
mlp,tfidf,0.1,0.768,0.7639877924720244,"(256, 128)",relu,,,,
mlp,tfidf,0.1,0.768,0.7639877924720244,"(256, 128)",tanh,,,,
mlp,tfidf,0.1,0.768,0.7639877924720244,"(256, 128)",logistic,,,,
mlp,tfidf,0.1,0.769,0.7664307381193124,"(128, 128)",relu,,,,
mlp,tfidf,0.1,0.769,0.7664307381193124,"(128, 128)",tanh,,,,
mlp,tfidf,0.1,0.769,0.7664307381193124,"(128, 128)",logistic,,,,
mlp,tfidf,1.0,0.755,0.7628267182962246,"(128,)",relu,,,,
mlp,tfidf,1.0,0.755,0.7628267182962246,"(128,)",tanh,,,,
mlp,tfidf,1.0,0.755,0.7628267182962246,"(128,)",logistic,,,,
mlp,tfidf,1.0,0.751,0.751,"(256,)",relu,,,,
mlp,tfidf,1.0,0.751,0.751,"(256,)",tanh,,,,
mlp,tfidf,1.0,0.751,0.751,"(256,)",logistic,,,,
mlp,tfidf,1.0,0.7985,0.7998012916045703,"(256, 128)",relu,,,,
mlp,tfidf,1.0,0.7985,0.7998012916045703,"(256, 128)",tanh,,,,
mlp,tfidf,1.0,0.7985,0.7998012916045703,"(256, 128)",logistic,,,,
mlp,tfidf,1.0,0.7955,0.7986213687838504,"(128, 128)",relu,,,,
mlp,tfidf,1.0,0.7955,0.7986213687838504,"(128, 128)",tanh,,,,
mlp,tfidf,1.0,0.7955,0.7986213687838504,"(128, 128)",logistic,,,,
svm,tfidf,,0.579,0.32315112540192925,,,0.01,hinge,,
svm,tfidf,,0.7325,0.7352795645719941,,,0.01,squared_hinge,,
svm,tfidf,,0.748,0.7514792899408284,,,0.1,hinge,,
svm,tfidf,,0.783,0.7851485148514852,,,0.1,squared_hinge,,
svm,tfidf,,0.788,0.7898909811694748,,,1.0,hinge,,
svm,tfidf,,0.7925,0.7921882824236355,,,1.0,squared_hinge,,
svm,tfidf,,0.7545,0.7521453811206461,,,10.0,hinge,,
svm,tfidf,,0.7585,0.7554430379746836,,,10.0,squared_hinge,,
random_forest,tfidf,,0.7135,0.7338597306084533,,,,,50.0,10.0
random_forest,tfidf,,0.7285,0.7470889613414066,,,,,50.0,20.0
random_forest,tfidf,,0.736,0.76,,,,,50.0,30.0
random_forest,tfidf,,0.765,0.7799625468164794,,,,,50.0,
random_forest,tfidf,,0.7155,0.72943414170233,,,,,100.0,10.0
random_forest,tfidf,,0.7305,0.7458745874587459,,,,,100.0,20.0
random_forest,tfidf,,0.7325,0.7526583448913546,,,,,100.0,30.0
random_forest,tfidf,,0.776,0.7924003707136237,,,,,100.0,
random_forest,tfidf,,0.7155,0.7281414237935977,,,,,150.0,10.0
random_forest,tfidf,,0.7315,0.7480056311590803,,,,,150.0,20.0
random_forest,tfidf,,0.7355,0.756333486872409,,,,,150.0,30.0
random_forest,tfidf,,0.7745,0.7922616305849839,,,,,150.0,
random_forest,tfidf,,0.716,0.7253384912959381,,,,,200.0,10.0
random_forest,tfidf,,0.733,0.7504672897196262,,,,,200.0,20.0
random_forest,tfidf,,0.7385,0.7593189139438564,,,,,200.0,30.0
random_forest,tfidf,,0.772,0.790633608815427,,,,,200.0,
